项目名称,产品编号,测试时间,流量品质,温度||压力,电流||电压,电流采样平均值,电压采样平均值,电流不合格次数,电压不合格次数,温度采样值,压力采样值,重量采样平均值,重量-1,重量-2,重量-3,重量-4,重量-5,重量-6,重量-7,重量-8,重量-9,重量-10,重量-11,重量-12,重量-13,重量-14,重量-15,重量-16,重量-17,重量-18,重量-19,重量-20,重量-21,重量-22,重量-23
200直喷泵测试工装,0101,2022/2/9-13:54:40,流量不合格,温度压力不合格,电流电压不合格,0,0,1000,1000,11,0,0,0,0,0,0,0,0,0,0,0,0,0,0,0,0,0,0,0,0,0,0,0,0,0,
200直喷泵测试工装,0101,2022/2/9-13:55:06,流量不合格,温度压力不合格,电流电压不合格,0,0,1000,1000,11,0,0,0,0,0,0,0,0,0,0,0,0,0,0,0,0,0,0,0,0,0,0,0,0,0,
200直喷泵测试工装,0101,2022/2/9-14:03:03,流量不合格,温度压力不合格,电流电压不合格,0,0,1000,1000,6,0,0,0,0,0,0,0,0,0,0,0,0,0,0,0,0,0,0,0,0,0,0,0,0,0,
200直喷泵测试工装,0101,2022/2/9-14:07:39,流量不合格,温度压力不合格,电流电压不合格,0,0,1000,1000,9,0,0,0,0,0,0,0,0,0,0,0,0,0,0,0,0,0,0,0,0,0,0,0,0,0,
200直喷泵测试工装,0101,2022/2/9-14:08:00,流量不合格,温度压力不合格,电流电压不合格,0,0,1000,1000,2,0,0,0,0,0,0,0,0,0,0,0,0,0,0,0,0,0,0,0,0,0,0,0,0,0,
200直喷泵测试工装,0101,2022/2/9-14:08:25,流量不合格,温度压力不合格,电流电压不合格,0,0,1000,1000,7,0,0,0,0,0,0,0,0,0,0,0,0,0,0,0,0,0,0,0,0,0,0,0,0,0,
200直喷泵测试工装,0101,2022/2/9-14:08:53,流量不合格,温度压力不合格,电流电压不合格,0,0,1000,1000,9,0,0,0,0,0,0,0,0,0,0,0,0,0,0,0,0,0,0,0,0,0,0,0,0,0,
200直喷泵测试工装,0101,2022/2/9-14:09:53,流量不合格,温度压力不合格,电流电压不合格,0,0,1000,1000,6,0,0,0,0,0,0,0,0,0,0,0,0,0,0,0,0,0,0,0,0,0,0,0,0,0,
200直喷泵测试工装,0202,2022/2/9-14:19:07,流量不合格,温度压力不合格,电流电压不合格,0,0,1000,1000,6,0,0,0,0,0,0,0,0,0,0,0,0,0,0,0,0,0,0,0,0,0,0,0,0,0,
200直喷泵测试工装,0202,2022/2/9-14:29:35,流量不合格,温度压力不合格,电流电压不合格,0,0,1000,1000,0,0,0,0,0,0,0,0,0,0,0,0,0,0,0,0,0,0,0,0,0,0,0,0,0,0,
200直喷泵测试工装,0202,2022/2/9-14:31:07,流量不合格,温度压力不合格,电流电压不合格,0,0,1000,1000,0,0,0,0,0,0,0,0,0,0,0,0,0,0,0,0,0,0,0,0,0,0,0,0,0,0,
200直喷泵测试工装,01,2022/2/9-14:46:34,流量不合格,温度压力不合格,电流电压不合格,0,1,1000,1000,0,0,0,0,0,0,0,0,0,0,0,0,0,0,0,0,0,0,0,0,0,0,0,0,0,0,
200直喷泵测试工装,01,2022/2/9-14:47:22,流量不合格,温度压力不合格,电流电压不合格,0,1,1000,1000,0,0,0,0,0,0,0,0,0,0,0,0,0,0,0,0,0,0,0,0,0,0,0,0,0,0,
200直喷泵测试工装,01,2022/2/9-14:47:50,流量不合格,温度压力不合格,电流电压不合格,0,1,1000,1000,0,0,0,0,0,0,0,0,0,0,0,0,0,0,0,0,0,0,0,0,0,0,0,0,0,0,
200直喷泵测试工装,0202,2022/2/9-14:55:00,流量不合格,温度压力不合格,电流电压不合格,0,1,1000,1000,0,0,0,0,0,0,0,0,0,0,0,0,0,0,0,0,0,0,0,0,0,0,0,0,0,0,
200直喷泵测试工装,0202,2022/2/9-15:10:10,流量不合格,温度压力不合格,电流电压不合格,0,1,1000,1000,0,0,0,0,0,0,0,0,0,0,0,0,0,0,0,0,0,0,0,0,0,0,0,0,0,0,
200直喷泵测试工装,0202,2022/2/9-15:15:25,流量不合格,温度压力不合格,电流电压不合格,0,1,1000,1000,0,8,0,0,0,0,0,0,0,0,0,0,0,0,0,0,0,0,0,0,0,0,0,0,0,0,
200直喷泵测试工装,0202,2022/2/9-15:18:27,流量不合格,温度压力不合格,电流电压不合格,0,1,1000,1000,0,0,0,0,0,0,0,0,0,0,0,0,0,0,0,0,0,0,0,0,0,0,0,0,0,0,
200直喷泵测试工装,0202,2022/2/9-15:19:44,流量不合格,温度压力不合格,电流电压不合格,0,1,1000,1000,0,0,0,0,0,0,0,0,0,0,0,0,0,0,0,0,0,0,0,0,0,0,0,0,0,0,
200直喷泵测试工装,0202,2022/2/9-15:20:04,流量不合格,温度压力不合格,电流电压不合格,0,1,1000,1000,0,0,0,0,0,0,0,0,0,0,0,0,0,0,0,0,0,0,0,0,0,0,0,0,0,0,
200直喷泵测试工装,0202,2022/2/9-15:23:49,流量不合格,温度压力合格,电流电压不合格,0,1,1000,1000,0,0,0,0,0,0,0,0,0,0,0,0,0,0,0,0,0,0,0,0,0,0,0,0,0,0,
200直喷泵测试工装,0202,2022/2/9-15:24:59,流量不合格,温度压力合格,电流电压不合格,0,1,1000,1000,0,0,0,0,0,0,0,0,0,0,0,0,0,0,0,0,0,0,0,0,0,0,0,0,0,0,
200直喷泵测试工装,0202,2022/2/9-15:28:30,流量不合格,温度压力合格,电流电压不合格,0,1,1000,1000,0,0,0,0,0,0,0,0,0,0,0,0,0,0,0,0,0,0,0,0,0,0,0,0,0,0,
200直喷泵测试工装,0202,2022/2/9-15:28:51,流量不合格,温度压力合格,电流电压不合格,0,1,1000,1000,0,0,0,0,0,0,0,0,0,0,0,0,0,0,0,0,0,0,0,0,0,0,0,0,0,0,
200直喷泵测试工装,03,2022/2/9-15:30:34,流量不合格,温度压力不合格,电流电压不合格,0,1,1000,1000,0,0,0,0,0,0,0,0,0,0,0,0,0,0,0,0,0,0,0,0,0,0,0,0,0,0,
200直喷泵测试工装,03,2022/2/9-15:30:58,流量不合格,温度压力不合格,电流电压不合格,0,1,1000,1000,0,0,0,0,0,0,0,0,0,0,0,0,0,0,0,0,0,0,0,0,0,0,0,0,0,0,
200直喷泵测试工装,03,2022/2/9-15:44:38,流量不合格,温度压力不合格,电流电压不合格,0,1,1000,1000,0,0,0,0,0,0,0,0,0,0,0,0,0,0,0,0,0,0,0,0,0,0,0,0,0,0,
200直喷泵测试工装,0202,2022/2/9-17:32:42,流量不合格,温度压力不合格,电流电压不合格,0,1,1000,1000,0,0,0,0,0,0,0,0,0,0,0,0,0,0,0,0,0,0,0,0,0,0,0,0,0,0,
200直喷泵测试工装,0202,2022/2/9-17:33:06,流量不合格,温度压力不合格,电流电压不合格,0,1,1000,1000,0,0,0,0,0,0,0,0,0,0,0,0,0,0,0,0,0,0,0,0,0,0,0,0,0,0,
200直喷泵测试工装,020202,2022/2/10-10:13:05,流量不合格,温度压力不合格,电流电压不合格,0,1,1000,1000,0,0,0,0,0,0,0,0,0,0,0,0,0,0,0,0,0,0,0,0,0,0,0,0,0,0,
200直喷泵测试工装,020202,2022/2/10-10:13:26,流量不合格,温度压力不合格,电流电压不合格,0,1,1000,1000,0,0,0,0,0,0,0,0,0,0,0,0,0,0,0,0,0,0,0,0,0,0,0,0,0,0,
200直喷泵测试工装,020202,2022/2/10-10:16:41,流量不合格,温度压力不合格,电流电压不合格,0,11,10000,10000,6,2,0,0,0,0,0,0,0,0,0,0,0,0,0,0,0,0,0,0,0,0,0,0,0,0,
200直喷泵测试工装,020202,2022/2/10-10:18:35,流量不合格,温度压力不合格,电流电压不合格,0,14,10000,10000,6,2,0,0,0,0,0,0,0,0,0,0,0,0,0,0,0,0,0,0,0,0,0,0,0,0,
200直喷泵测试工装,020202,2022/2/10-10:20:30,流量不合格,温度压力不合格,电流电压不合格,0,12,10000,10000,6,2,0,0,0,0,0,0,0,0,0,0,0,0,0,0,0,0,0,0,0,0,0,0,0,0,
200直喷泵测试工装,020202,2022/2/10-10:22:25,流量不合格,温度压力不合格,电流电压不合格,0,0,10000,10000,6,2,0,0,0,0,0,0,0,0,0,0,0,0,0,0,0,0,0,0,0,0,0,0,0,0,
200直喷泵测试工装,0202,2022/2/10-13:11:25,流量不合格,温度压力不合格,电流电压不合格,0,89,10000,10000,0,0,0,0,0,0,0,0,0,0,0,0,0,0,0,0,0,0,0,0,0,0,0,0,0,0,
200直喷泵测试工装,0202,2022/2/10-13:13:17,流量不合格,温度压力不合格,电流电压不合格,0,90,10000,10000,0,0,0,0,0,0,0,0,0,0,0,0,0,0,0,0,0,0,0,0,0,0,0,0,0,0,
200直喷泵测试工装,0202,2022/2/10-13:15:13,流量不合格,温度压力不合格,电流电压不合格,0,98,10000,10000,1,0,0,0,0,0,0,0,0,0,0,0,0,0,0,0,0,0,0,0,0,0,0,0,0,0,
200直喷泵测试工装,0202,2022/2/10-13:17:05,流量不合格,温度压力不合格,电流电压不合格,0,98,10000,10000,1,0,0,0,0,0,0,0,0,0,0,0,0,0,0,0,0,0,0,0,0,0,0,0,0,0,
200直喷泵测试工装,0202,2022/2/10-13:59:06,流量不合格,温度压力不合格,电流电压不合格,0,12,10000,10000,56,0,0,0,0,0,0,0,0,0,0,0,0,0,0,0,0,0,0,0,0,0,0,0,0,0,
200直喷泵测试工装,0202111,2022/2/10-14:02:22,流量不合格,温度压力不合格,电流电压不合格,0,12,10000,10000,190,0,0,0,0,0,0,0,0,0,0,0,0,0,0,0,0,0,0,0,0,0,0,0,0,0,
200直喷泵测试工装,0303,2022/2/10-16:01:05,流量不合格,温度压力不合格,电流电压不合格,0,12,10000,10000,228,0,0,0,0,0,0,0,0,0,0,0,0,0,0,0,0,0,0,0,0,0,0,0,0,0,
200直喷泵测试工装,0303,2022/2/10-16:05:39,流量不合格,温度压力不合格,电流电压不合格,0,12,10000,10000,460,0,0,0,0,0,0,0,0,0,0,0,0,0,0,0,0,0,0,0,0,0,0,0,0,0,
200直喷泵测试工装,2525,2022/2/10-16:10:01,流量不合格,温度压力不合格,电流电压不合格,0,12,10000,10000,177,0,0,0,0,0,0,0,0,0,0,0,0,0,0,0,0,0,0,0,0,0,0,0,0,0,
200直喷泵测试工装,2525,2022/2/10-16:11:56,流量不合格,温度压力不合格,电流电压不合格,0,12,10000,10000,298,0,0,0,0,0,0,0,0,0,0,0,0,0,0,0,0,0,0,0,0,0,0,0,0,0,
200直喷泵测试工装,2525,2022/2/10-16:13:49,流量不合格,温度压力不合格,电流电压不合格,0,12,10000,10000,222,0,0,0,0,0,0,0,0,0,0,0,0,0,0,0,0,0,0,0,0,0,0,0,0,0,
200直喷泵测试工装,2525,2022/2/10-16:26:44,流量不合格,温度压力不合格,电流电压不合格,0,11,10000,10000,307,0,0,0,0,0,0,0,0,0,0,0,0,0,0,0,0,0,0,0,0,0,0,0,0,0,
200直喷泵测试工装,2525,2022/2/10-16:29:47,流量不合格,温度压力不合格,电流电压不合格,0,12,10000,10000,192,0,0,0,0,0,0,0,0,0,0,0,0,0,0,0,0,0,0,0,0,0,0,0,0,0,
200直喷泵测试工装,02020202,2022/2/11-08:43:38,流量不合格,温度压力不合格,电流电压不合格,0,12,10000,10000,451,3,0,0,0,0,0,0,0,0,0,0,0,0,0,0,0,0,0,0,0,0,0,0,0,0,
200直喷泵测试工装,02020202,2022/2/11-08:55:23,流量不合格,温度压力合格,电流电压不合格,0,12,10000,10000,182,0,0,0,0,0,0,0,0,0,0,0,0,0,0,0,0,0,0,0,0,0,0,0,0,0,
200直喷泵测试工装,02020202,2022/2/11-09:22:45,流量不合格,温度压力不合格,电流电压不合格,0,12,10000,10000,460,2,0,0,0,0,0,0,0,0,0,0,0,0,0,0,0,0,0,0,0,0,0,0,0,0,
200直喷泵测试工装,02020202,2022/2/11-09:30:56,流量不合格,温度压力不合格,电流电压不合格,0,10,10000,10000,460,2,0,0,0,0,0,0,0,0,0,0,0,0,0,0,0,0,0,0,0,0,0,0,0,0,
200直喷泵测试工装,0202,2022/2/11-09:58:21,流量不合格,温度压力不合格,电流电压不合格,0,280000,1000,1000,46,0,0,0,0,0,0,0,0,0,0,0,0,0,0,0,0,0,0,0,0,0,0,0,0,0,
200直喷泵测试工装,0202,2022/2/11-10:05:40,流量不合格,温度压力不合格,电流电压不合格,0,28,1000,1000,46,0,0,0,0,0,0,0,0,0,0,0,0,0,0,0,0,0,0,0,0,0,0,0,0,0,
200直喷泵测试工装,0202,2022/2/11-10:07:13,流量不合格,温度压力不合格,电流电压不合格,0,27,999,999,1056,5,0,0,0,0,0,0,0,0,0,0,0,0,0,0,0,0,0,0,0,0,0,0,0,0,
200直喷泵测试工装,0202,2022/2/11-10:08:44,流量不合格,温度压力不合格,电流电压不合格,1,28,1000,1000,1058,6,0,0,0,0,0,0,0,0,0,0,0,0,0,0,0,0,0,0,0,0,0,0,0,0,
200直喷泵测试工装,1012,2022/2/11-10:13:47,流量不合格,温度压力不合格,电流电压不合格,1,28,2400,2400,1058,6,120,10,20,30,40,50,60,70,80,90,100,110,120,130,140,150,160,170,180,190,200,210,220,230,
200直喷泵测试工装,020202,2022/2/11-10:43:37,流量不合格,温度压力不合格,电流电压不合格,1,20,2400,2400,1058,6,0,0,0,0,0,0,0,0,0,0,0,0,0,0,0,0,0,0,0,0,0,0,0,0,
200直喷泵测试工装,020202,2022/2/11-10:45:12,流量不合格,温度压力不合格,电流电压不合格,1,20,2400,2400,1058,6,0,0,0,0,0,0,0,0,0,0,0,0,0,0,0,0,0,0,0,0,0,0,0,0,
200直喷泵测试工装,020202,2022/2/11-10:46:17,流量不合格,温度压力不合格,电流电压不合格,1,25,2400,2400,1058,6,0,0,0,0,0,0,0,0,0,0,0,0,0,0,0,0,0,0,0,0,0,0,0,0,
200直喷泵测试工装,020202,2022/2/11-10:47:30,流量不合格,温度压力不合格,电流电压不合格,1,20,2400,2400,1058,6,0,0,0,0,0,0,0,0,0,0,0,0,0,0,0,0,0,0,0,0,0,0,0,0,
200直喷泵测试工装,0202,2022/2/11-10:50:26,流量不合格,温度压力不合格,电流电压不合格,1,30,2400,2400,1057,6,0,0,0,0,0,0,0,0,0,0,0,0,0,0,0,0,0,0,0,0,0,0,0,0,
200直喷泵测试工装,0202,2022/2/11-10:51:31,流量不合格,温度压力不合格,电流电压不合格,1,25,1000,1000,1058,6,0,0,0,0,0,0,0,0,0,0,0,0,0,0,0,0,0,0,0,0,0,0,0,0,
200直喷泵测试工装,0202,2022/2/11-10:52:09,流量不合格,温度压力不合格,电流电压不合格,1,30,1000,1000,1058,6,0,0,0,0,0,0,0,0,0,0,0,0,0,0,0,0,0,0,0,0,0,0,0,0,
200直喷泵测试工装,011020,2022/2/11-10:55:02,流量不合格,温度压力不合格,电流电压不合格,1,30,1000,1000,1058,6,0,0,0,0,0,0,0,0,0,0,0,0,0,0,0,0,0,0,0,0,0,0,0,0,
200直喷泵测试工装,0202,2022/2/11-11:01:32,流量不合格,温度压力不合格,电流电压不合格,1,28,1000,1000,1058,6,0,0,0,0,0,0,0,0,0,0,0,0,0,0,0,0,0,0,0,0,0,0,0,0,
200直喷泵测试工装,0202,2022/2/11-11:16:11,流量不合格,温度压力不合格,电流电压不合格,1,28,1000,1000,1058,5,0,0,0,0,0,0,0,0,0,0,0,0,0,0,0,0,0,0,0,0,0,0,0,0,
200直喷泵测试工装,0202,2022/2/11-11:16:40,流量不合格,温度压力不合格,电流电压不合格,1,28,1000,1000,1058,5,0,0,0,0,0,0,0,0,0,0,0,0,0,0,0,0,0,0,0,0,0,0,0,0,
200直喷泵测试工装,0202,2022/2/11-11:18:49,流量不合格,温度压力不合格,电流电压不合格,1,28,10000,10000,1058,3,0,0,0,0,0,0,0,0,0,0,0,0,0,0,0,0,0,0,0,0,0,0,0,0,
200直喷泵测试工装,0202,2022/2/11-11:26:42,流量不合格,温度压力不合格,电流电压不合格,1,28,10000,10000,1058,5,0,0,0,0,0,0,0,0,0,0,0,0,0,0,0,0,0,0,0,0,0,0,0,0,
200直喷泵测试工装,0202,2022/2/11-11:33:03,流量不合格,温度压力不合格,电流电压不合格,1,28,10000,10000,1058,5,0,0,0,0,0,0,0,0,0,0,0,0,0,0,0,0,0,0,0,0,0,0,0,0,
200直喷泵测试工装,0202,2022/2/11-11:35:05,流量不合格,温度压力不合格,电流电压不合格,1,28,10000,10000,1058,9,0,0,0,0,0,0,0,0,0,0,0,0,0,0,0,0,0,0,0,0,0,0,0,0,
200直喷泵测试工装,01010,2022/2/14-10:23:49,流量不合格,温度压力不合格,电流电压不合格,1,28,10000,10000,1052,8,0,0,0,0,0,0,0,0,0,0,0,0,0,0,0,0,0,0,0,0,0,0,0,0,
200直喷泵测试工装,01010,2022/2/14-10:25:51,流量不合格,温度压力不合格,电流电压不合格,1,28,10000,10000,1053,8,0,0,0,0,0,0,0,0,0,0,0,0,0,0,0,0,0,0,0,0,0,0,0,0,
200直喷泵测试工装,01010,2022/2/14-10:27:48,流量不合格,温度压力不合格,电流电压不合格,1,28,10000,10000,1053,8,0,0,0,0,0,0,0,0,0,0,0,0,0,0,0,0,0,0,0,0,0,0,0,0,
200直喷泵测试工装,01010,2022/2/14-10:30:13,流量不合格,温度压力不合格,电流电压不合格,1,28,10000,10000,1053,8,0,0,0,0,0,0,0,0,0,0,0,0,0,0,0,0,0,0,0,0,0,0,0,0,
200直喷泵测试工装,01010,2022/2/14-10:31:10,流量不合格,温度压力不合格,电流电压不合格,1,28,1000,1000,1053,8,0,0,0,0,0,0,0,0,0,0,0,0,0,0,0,0,0,0,0,0,0,0,0,0,
200直喷泵测试工装,01010,2022/2/14-10:41:29,流量不合格,温度压力不合格,电流电压不合格,1,28,1000,1000,1053,8,0,0,0,0,0,0,0,0,0,0,0,0,0,0,0,0,0,0,0,0,0,0,0,0,
200直喷泵测试工装,01010,2022/2/14-10:41:54,流量不合格,温度压力不合格,电流电压不合格,1,28,1000,1000,1053,8,0,0,0,0,0,0,0,0,0,0,0,0,0,0,0,0,0,0,0,0,0,0,0,0,
200直喷泵测试工装,01010,2022/2/14-10:45:11,流量不合格,温度压力不合格,电流电压不合格,1,28,1000,1000,1052,8,0,0,0,0,0,0,0,0,0,0,0,0,0,0,0,0,0,0,0,0,0,0,0,0,
200直喷泵测试工装,01010,2022/2/14-10:57:31,流量不合格,温度压力不合格,电流电压不合格,1,28,1000,1000,1052,8,0,0,0,0,0,0,0,0,0,0,0,0,0,0,0,0,0,0,0,0,0,0,0,0,
200直喷泵测试工装,01010,2022/2/14-11:01:51,流量不合格,温度压力不合格,电流电压不合格,1,28,1000,1000,891,7,0,0,0,0,0,0,0,0,0,0,0,0,0,0,0,0,0,0,0,0,0,0,0,0,
200直喷泵测试工装,01010,2022/2/14-11:02:21,流量不合格,温度压力不合格,电流电压不合格,1,28,1000,1000,802,6,0,0,0,0,0,0,0,0,0,0,0,0,0,0,0,0,0,0,0,0,0,0,0,0,
200直喷泵测试工装,01010,2022/2/14-11:06:48,流量不合格,温度压力不合格,电流电压不合格,1,28,10000,10000,405,2,0,0,0,0,0,0,0,0,0,0,0,0,0,0,0,0,0,0,0,0,0,0,0,0,
200直喷泵测试工装,01010,2022/2/14-11:08:39,流量不合格,温度压力不合格,电流电压不合格,1,28,10000,10000,481,1,0,0,0,0,0,0,0,0,0,0,0,0,0,0,0,0,0,0,0,0,0,0,0,0,
200直喷泵测试工装,01010,2022/2/14-11:10:31,流量不合格,温度压力不合格,电流电压不合格,1,28,10000,10000,531,2,0,0,0,0,0,0,0,0,0,0,0,0,0,0,0,0,0,0,0,0,0,0,0,0,
200直喷泵测试工装,01010,2022/2/14-11:12:30,流量不合格,温度压力不合格,电流电压不合格,1,28,10000,10000,657,6,0,0,0,0,0,0,0,0,0,0,0,0,0,0,0,0,0,0,0,0,0,0,0,0,
200直喷泵测试工装,0202,2022/2/14-11:16:31,流量不合格,温度压力不合格,电流电压不合格,0,19,7000,7000,625,4,0,0,0,0,0,0,0,0,0,0,0,0,0,0,0,0,0,0,0,0,0,0,0,0,
200直喷泵测试工装,0202,2022/2/14-11:29:02,流量不合格,温度压力不合格,电流电压不合格,1,28,10000,10000,540,2,0,0,0,0,0,0,0,0,0,0,0,0,0,0,0,0,0,0,0,0,0,0,0,0,
200直喷泵测试工装,0202,2022/2/14-11:34:16,流量不合格,温度压力不合格,电流电压不合格,1,28,10000,10000,686,1,0,0,0,0,0,0,0,0,0,0,0,0,0,0,0,0,0,0,0,0,0,0,0,0,
200直喷泵测试工装,1137,2022/2/14-13:22:32,流量不合格,温度压力不合格,电流电压不合格,1,27,10000,10000,918,5,0,0,0,0,0,0,0,0,0,0,0,0,0,0,0,0,0,0,0,0,0,0,0,0,
200直喷泵测试工装,1137,2022/2/14-13:26:23,流量不合格,温度压力不合格,电流电压不合格,1,28,10000,10000,101,1,0,0,0,0,0,0,0,0,0,0,0,0,0,0,0,0,0,0,0,0,0,0,0,0,
200直喷泵测试工装,1137,2022/2/14-13:28:19,流量不合格,温度压力不合格,电流电压不合格,1,28,10000,10000,544,1,0,0,0,0,0,0,0,0,0,0,0,0,0,0,0,0,0,0,0,0,0,0,0,0,
200直喷泵测试工装,1137,2022/2/14-13:30:18,流量不合格,温度压力不合格,电流电压不合格,1,28,10000,10000,906,1,0,0,0,0,0,0,0,0,0,0,0,0,0,0,0,0,0,0,0,0,0,0,0,0,
200直喷泵测试工装,1137,2022/2/14-13:34:12,流量不合格,温度压力不合格,电流电压不合格,1,28,10000,10000,371,1,0,0,0,0,0,0,0,0,0,0,0,0,0,0,0,0,0,0,0,0,0,0,0,0,
200直喷泵测试工装,1137,2022/2/14-13:36:27,流量不合格,温度压力不合格,电流电压不合格,1,28,10000,10000,29,1,0,0,0,0,0,0,0,0,0,0,0,0,0,0,0,0,0,0,0,0,0,0,0,0,
200直喷泵测试工装,1137,2022/2/14-13:39:09,流量不合格,温度压力不合格,电流电压不合格,1,28,10000,10000,393,1,0,0,0,0,0,0,0,0,0,0,0,0,0,0,0,0,0,0,0,0,0,0,0,0,
200直喷泵测试工装,1137,2022/2/14-13:41:00,流量不合格,温度压力不合格,电流电压不合格,1,28,10000,10000,651,1,0,0,0,0,0,0,0,0,0,0,0,0,0,0,0,0,0,0,0,0,0,0,0,0,
200直喷泵测试工装,1137,2022/2/14-13:42:55,流量不合格,温度压力不合格,电流电压不合格,1,28,10000,10000,281,1,0,0,0,0,0,0,0,0,0,0,0,0,0,0,0,0,0,0,0,0,0,0,0,0,
200直喷泵测试工装,1137,2022/2/14-13:44:50,流量不合格,温度压力不合格,电流电压不合格,1,28,10000,10000,786,1,0,0,0,0,0,0,0,0,0,0,0,0,0,0,0,0,0,0,0,0,0,0,0,0,
200直喷泵测试工装,1137,2022/2/14-13:46:48,流量不合格,温度压力不合格,电流电压不合格,1,28,10000,10000,531,1,0,0,0,0,0,0,0,0,0,0,0,0,0,0,0,0,0,0,0,0,0,0,0,0,
200直喷泵测试工装,1137,2022/2/14-13:48:43,流量不合格,温度压力不合格,电流电压不合格,1,28,10000,10000,268,1,0,0,0,0,0,0,0,0,0,0,0,0,0,0,0,0,0,0,0,0,0,0,0,0,
200直喷泵测试工装,0202,2022/2/14-15:14:57,流量不合格,温度压力不合格,电流电压不合格,1,28,10000,10000,214,254,0,0,0,0,0,0,0,0,0,0,0,0,0,0,0,0,0,0,0,0,0,0,0,0,
200直喷泵测试工装,0202,2022/2/14-15:31:01,流量不合格,温度压力不合格,电流电压不合格,1,28,10000,10000,310,55,0,0,0,0,0,0,0,0,0,0,0,0,0,0,0,0,0,0,0,0,0,0,0,0,
200直喷泵测试工装,0202,2022/2/14-15:42:21,流量不合格,温度压力不合格,电流电压不合格,1,28,10000,10000,1023,157,0,0,0,0,0,0,0,0,0,0,0,0,0,0,0,0,0,0,0,0,0,0,0,0,
200直喷泵测试工装,0202,2022/2/14-15:48:28,流量不合格,温度压力不合格,电流电压不合格,1,28,10000,10000,1023,105,0,0,0,0,0,0,0,0,0,0,0,0,0,0,0,0,0,0,0,0,0,0,0,0,
200直喷泵测试工装,0202,2022/2/14-16:04:49,流量不合格,温度压力不合格,电流电压不合格,1,28,10000,10000,1023,120,0,0,0,0,0,0,0,0,0,0,0,0,0,0,0,0,0,0,0,0,0,0,0,0,
200直喷泵测试工装,0202,2022/2/14-16:07:14,流量不合格,温度压力不合格,电流电压不合格,1,28,10000,10000,1023,23,0,0,0,0,0,0,0,0,0,0,0,0,0,0,0,0,0,0,0,0,0,0,0,0,
200直喷泵测试工装,0202,2022/2/14-16:09:22,流量不合格,温度压力不合格,电流电压不合格,1,28,10000,10000,1022,110,0,0,0,0,0,0,0,0,0,0,0,0,0,0,0,0,0,0,0,0,0,0,0,0,
200直喷泵测试工装,0202,2022/2/14-16:11:20,流量不合格,温度压力不合格,电流电压不合格,1,28,10000,10000,1023,159,0,0,0,0,0,0,0,0,0,0,0,0,0,0,0,0,0,0,0,0,0,0,0,0,
200直喷泵测试工装,0202,2022/2/14-16:23:32,流量不合格,温度压力不合格,电流电压不合格,1,28,10000,10000,1022,191,0,0,0,0,0,0,0,0,0,0,0,0,0,0,0,0,0,0,0,0,0,0,0,0,
200直喷泵测试工装,0202,2022/2/14-16:29:59,流量不合格,温度压力不合格,电流电压不合格,1,28,10000,10000,1023,126,0,0,0,0,0,0,0,0,0,0,0,0,0,0,0,0,0,0,0,0,0,0,0,0,
200直喷泵测试工装,0202,2022/2/14-16:52:21,流量合格,温度压力合格,电流电压不合格,1,28,2400,2400,1022,1,87,5,15,25,35,48,55,60,65,75,78,85,90,95,100,105,115,118,125,130,135,145,148,155,
200直喷泵测试工装,0203,2022/2/14-16:55:04,流量不合格,温度压力不合格,电流电压不合格,1,28,2400,2400,1023,95,0,0,0,0,0,0,0,0,0,0,0,0,0,0,0,0,0,0,0,0,0,0,0,0,
200直喷泵测试工装,0203,2022/2/14-16:57:00,流量不合格,温度压力不合格,电流电压不合格,1,28,2400,2400,260,113,0,0,0,0,0,0,0,0,0,0,0,0,0,0,0,0,0,0,0,0,0,0,0,0,
200型直喷泵测试参数,0202,2022/2/15-19:37:33,流量不合格,温度压力不合格,电流电压不合格,1,28.3568264411026,2400,2400,1022,0.0303583333333341,0,0,0,0,0,0,0,0,0,0,0,0,0,0,0,0,0,0,0,0,0,0,0,0,
200型直喷泵测试参数,0202,2022/2/15-19:39:28,流量不合格,温度压力不合格,电流电压不合格,1,27,2400,2400,1023,0.0303375000000008,0,0,0,0,0,0,0,0,0,0,0,0,0,0,0,0,0,0,0,0,0,0,0,0,
200型直喷泵测试参数,0202,2022/2/15-19:41:01,流量不合格,温度压力不合格,电流电压不合格,1,27,2400,2400,1023,0.0303562500000008,0,0,0,0,0,0,0,0,0,0,0,0,0,0,0,0,0,0,0,0,0,0,0,0,
023032300,320320,2022/2/15-19:45:14,流量不合格,温度压力不合格,电流电压不合格,0,2.7,100,100,102,0.00303499999999999,0,0,0,0,0,0,0,0,0,0,0,0,0,0,0,0,0,0,0,0,0,0,0,0,
023032300,320320,2022/2/15-19:45:34,流量不合格,温度压力不合格,电流电压不合格,1,27,1000,1000,1023,0.0302900000000004,0,0,0,0,0,0,0,0,0,0,0,0,0,0,0,0,0,0,0,0,0,0,0,0,
023032300,010201,2022/2/15-19:47:01,流量不合格,温度压力不合格,电流电压不合格,1,27,1000,1000,1023,0.0303550000000004,0,0,0,0,0,0,0,0,0,0,0,0,0,0,0,0,0,0,0,0,0,0,0,0,
023032300,010201,2022/2/15-19:47:27,流量不合格,温度压力不合格,电流电压不合格,1,27,1000,1000,1023,0.0303150000000004,0,0,0,0,0,0,0,0,0,0,0,0,0,0,0,0,0,0,0,0,0,0,0,0,
023032300,022121,2022/2/16-10:59:50,流量不合格,温度压力不合格,电流电压不合格,2,27,1000,1000,1023,0.0300000000000004,0,0,0,0,0,0,0,0,0,0,0,0,0,0,0,0,0,0,0,0,0,0,0,0,
023032300,022121,2022/2/16-11:02:30,流量不合格,温度压力不合格,电流电压不合格,2,27,10000,10000,1023,0.0299999999999969,0,0,0,0,0,0,0,0,0,0,0,0,0,0,0,0,0,0,0,0,0,0,0,0,
023032300,022,2022/2/16-15:57:08,流量不合格,温度压力不合格,电流电压不合格,74,11.2,400,400,409,0.0119999999999999,0,0,0,0,0,0,0,0,0,0,0,0,0,0,0,0,0,0,0,0,0,0,0,0,
023032300,022,2022/2/16-16:16:30,流量不合格,温度压力不合格,电流电压不合格,2,27.85,1000,1000,1023,2.59,0,0,0,0,0,0,0,0,0,0,0,0,0,0,0,0,0,0,0,0,0,0,0,0,
023032300,022,2022/2/16-16:18:35,流量不合格,温度压力不合格,电流电压不合格,12,28.4766263157893,10000,10000,1022,1.45169600000011,0,0,0,0,0,0,0,0,0,0,0,0,0,0,0,0,0,0,0,0,0,0,0,0,
023032300,23311321,2022/2/16-16:24:08,流量不合格,温度压力不合格,电流电压不合格,2,30.5048142857127,10000,10000,1023,3.37796799999981,0,0,0,0,0,0,0,0,0,0,0,0,0,0,0,0,0,0,0,0,0,0,0,0,
023032300,23311321,2022/2/16-16:26:07,流量不合格,温度压力不合格,电流电压不合格,2,28.8351999999995,10000,10000,1023,3.00062400000025,0,0,0,0,0,0,0,0,0,0,0,0,0,0,0,0,0,0,0,0,0,0,0,0,
023032300,23311321,2022/2/16-16:28:15,流量不合格,温度压力不合格,电流电压不合格,2,28,10000,10000,1023,2.59000000000013,0,0,0,0,0,0,0,0,0,0,0,0,0,0,0,0,0,0,0,0,0,0,0,0,
023032300,23311321,2022/2/16-16:35:25,流量不合格,温度压力不合格,电流电压不合格,2,26.7400616541353,10000,10000,1023,2.59000000000013,0,0,0,0,0,0,0,0,0,0,0,0,0,0,0,0,0,0,0,0,0,0,0,0,
023032300,23311321,2022/2/16-16:37:23,流量不合格,温度压力不合格,电流电压不合格,2,26.8866909774436,10000,10000,1023,2.59000000000013,0,0,0,0,0,0,0,0,0,0,0,0,0,0,0,0,0,0,0,0,0,0,0,0,
023032300,23311321,2022/2/16-16:39:27,流量不合格,温度压力不合格,电流电压不合格,3,30.7476593984971,10000,10000,1022,2.58987200000013,0,0,0,0,0,0,0,0,0,0,0,0,0,0,0,0,0,0,0,0,0,0,0,0,
023032300,23311321,2022/2/16-16:43:55,流量不合格,温度压力不合格,电流电压不合格,15,29.502412030076,10000,10000,1023,0.751535999999974,0,0,0,0,0,0,0,0,0,0,0,0,0,0,0,0,0,0,0,0,0,0,0,0,
023032300,0202,2022/2/17-11:03:00,流量不合格,温度压力不合格,电流电压不合格,1909.86,2.79602399999994,1000,1000,102,0.002749,0,0,0,0,0,0,0,0,0,0,0,0,0,0,0,0,0,0,0,0,0,0,0,0,
023032300,100010,2022/2/17-11:32:30,流量不合格,温度压力不合格,电流电压不合格,18532.2,27.9626399999994,1000,1000,1023,0.0301750000000004,0,0,0,0,0,0,0,0,0,0,0,0,0,0,0,0,0,0,0,0,0,0,0,0,
023032300,0202,2022/2/17-11:46:54,流量不合格,温度压力不合格,电流电压不合格,81.54296875,27.9624,100,100,1023,0.0295,0,0,0,0,0,0,0,0,0,0,0,0,0,0,0,0,0,0,0,0,0,0,0,0,
023032300,1121212,2022/2/17-11:47:50,流量不合格,温度压力不合格,电流电压不合格,81.6357421875,28.001,100,100,1023,0.02895,0,0,0,0,0,0,0,0,0,0,0,0,0,0,0,0,0,0,0,0,0,0,0,0,
023032300,12131,2022/2/17-11:49:51,流量不合格,温度压力不合格,电流电压不合格,80.9472000000001,27.9624,100,100,1023,0.0299999999999999,0,0,0,0,0,0,0,0,0,0,0,0,0,0,0,0,0,0,0,0,0,0,0,0,
023032300,12121,2022/2/17-11:54:27,流量不合格,温度压力不合格,电流电压不合格,81.0692,27.9624,100,100,1023,0.0287,0,0,0,0,0,0,0,0,0,0,0,0,0,0,0,0,0,0,0,0,0,0,0,0,
023032300,123,2022/2/17-13:24:11,流量不合格,温度压力不合格,电流电压不合格,80.7418,27.9656088400001,100,100,1023,0.0303499999999999,0,0,0,0,0,0,0,0,0,0,0,0,0,0,0,0,0,0,0,0,0,0,0,0,
023032300,0202454545455454,2022/2/17-13:27:45,流量不合格,温度压力不合格,电流电压不合格,80.38,27.96,100,100,1023,0.0287,0,0,0,0,0,0,0,0,0,0,0,0,0,0,0,0,0,0,0,0,0,0,0,0,
023032300,0202,2022/2/17-14:23:54,流量不合格,温度压力不合格,电流电压不合格,71.43,22.4,800,800,818,0.023275,0,0,0,0,0,0,0,0,0,0,0,0,0,0,0,0,0,0,0,0,0,0,0,0,
200型直喷泵测试参数,202202171504,2022/2/17-15:05:13,流量不合格,温度压力不合格,电流电压不合格,89.75,28.03,1000,1000,1023,0.0302250000000004,0,0,0,0,0,0,0,0,0,0,0,0,0,0,0,0,0,0,0,0,0,0,0,0,
200型直喷泵测试参数,123456,2022/2/17-16:14:58,流量不合格,温度压力不合格,电流电压不合格,251.04,28.35,2400,2400,1023,0.0328333333333333,89,5,15,25,35,48,55,60,65,75,78,85,90,95,100,105,118,125,130,135,145,148,155,155,
200型直喷泵测试参数,123456,2022/2/17-16:16:55,流量不合格,温度压力不合格,电流电压不合格,251.01,28.35,2400,2400,1023,0.0323375000000003,88,5,15,25,35,48,55,60,65,75,78,85,90,95,100,105,115,120,130,135,145,148,155,155,
200型直喷泵测试参数,123456,2022/2/17-16:19:11,流量合格,温度压力不合格,电流电压不合格,250.98,28.35,2400,2400,1023,0.0324104166666669,87,5,15,25,35,48,55,60,65,75,78,85,90,95,100,108,112,120,125,130,138,143,148,155,
200型直喷泵测试参数,121,2022/2/18-11:01:21,流量不合格,温度压力不合格,电流电压不合格,84.78,27.96,100,100,264,0.00615,0,0,0,0,0,0,0,0,0,0,0,0,0,0,0,0,0,0,0,0,0,0,0,0,
200型直喷泵测试参数,202241414,2022/2/18-13:22:37,流量不合格,温度压力不合格,电流电压不合格,0.5,28.12,100,100,1023,0.03135,0,0,0,0,0,0,0,0,0,0,0,0,0,0,0,0,0,0,0,0,0,0,0,0,
200型直喷泵测试参数,0202,2022/2/18-14:48:01,流量不合格,温度压力不合格,电流电压不合格,0.54,28.12,100,100,1023,0.031,0,0,0,0,0,0,0,0,0,0,0,0,0,0,0,0,0,0,0,0,0,0,0,0,
200型直喷泵测试参数,0202,2022/2/18-14:55:06,流量不合格,温度压力不合格,电流电压不合格,0.5,28.12,100,100,1023,1.81995,0,0,0,0,0,0,0,0,0,0,0,0,0,0,0,0,0,0,0,0,0,0,0,0,
200型直喷泵测试参数,0202,2022/2/18-14:55:41,流量不合格,温度压力不合格,电流电压不合格,0.53,28.12,1000,1000,1023,1.818855,0,0,0,0,0,0,0,0,0,0,0,0,0,0,0,0,0,0,0,0,0,0,0,0,
200型直喷泵测试参数,0202,2022/2/18-14:56:22,流量不合格,温度压力不合格,电流电压不合格,0.53,28.12,1000,1000,1023,1.81520500000004,0,0,0,0,0,0,0,0,0,0,0,0,0,0,0,0,0,0,0,0,0,0,0,0,
200型直喷泵测试参数,12,2022/2/18-15:18:08,流量不合格,温度压力不合格,电流电压不合格,0.5,28.12,1000,1000,1023,2.419275,0,0,0,0,0,0,0,0,0,0,0,0,0,0,0,0,0,0,0,0,0,0,0,0,
200型直喷泵测试参数,0202,2022/2/22-17:37:39,流量不合格,温度压力不合格,电流电压不合格,0.49,30.03,1000,1000,1023,-0.100009999999999,0,0,0,0,0,0,0,0,0,0,0,0,0,0,0,0,0,0,0,0,0,0,0,0,
喷射参数修改,12122,2022/2/23-14:59:06,流量不合格,温度压力不合格,电流电压不合格,0.51,28.35,100,100,1023,-0.0999999999999998,0,0,0,0,0,0,0,0,0,0,0,0,0,0,0,0,0,0,0,0,0,0,0,0,
喷射参数修改,12122,2022/2/23-14:59:30,流量不合格,温度压力不合格,电流电压不合格,0.51,28.35,20,20,1023,-0.1,0,0,0,0,0,0,0,0,0,0,0,0,0,0,0,0,0,0,0,0,0,0,0,0,
喷射参数修改,121,2022/2/23-15:01:22,流量不合格,温度压力不合格,电流电压不合格,0.59,28.35,20,20,1023,-0.1,0,0,0,0,0,0,0,0,0,0,0,0,0,0,0,0,0,0,0,0,0,0,0,0,
喷射参数修改,121,2022/2/23-15:01:51,流量不合格,温度压力不合格,电流电压不合格,0.57,28.35,20,20,1023,-0.1,0,0,0,0,0,0,0,0,0,0,0,0,0,0,0,0,0,0,0,0,0,0,0,0,
喷射参数修改,12,2022/2/23-15:05:02,流量不合格,温度压力不合格,电流电压不合格,0.45,28.35,20,20,1023,-0.1,0,0,0,0,0,0,0,0,0,0,0,0,0,0,0,0,0,0,0,0,0,0,0,0,
喷射参数修改,121,2022/2/23-15:25:04,流量不合格,温度压力不合格,电流电压不合格,0.51,28.35,20,20,1023,-0.1,0,0,0,0,0,0,0,0,0,0,0,0,0,0,0,0,0,0,0,0,0,0,0,0,
喷射参数修改,121,2022/2/23-15:25:53,流量不合格,温度压力不合格,电流电压不合格,0.51,28.35,96,100,1023,-0.0999999999999998,0,0,0,0,0,0,0,0,0,0,0,0,0,0,0,0,0,0,0,0,0,0,0,0,
喷射参数修改,12121,2022/2/23-15:28:20,流量不合格,温度压力不合格,电流电压不合格,0.48,28.35,91,100,1023,-0.0999999999999998,0,0,0,0,0,0,0,0,0,0,0,0,0,0,0,0,0,0,0,0,0,0,0,0,
喷射参数修改,1212,2022/2/23-15:36:37,流量不合格,温度压力不合格,电流电压不合格,0.52,28.35,94,100,1023,-0.0999999999999998,0,0,0,0,0,0,0,0,0,0,0,0,0,0,0,0,0,0,0,0,0,0,0,0,
修改测试参数2,1212,2022/2/23-15:38:50,流量不合格,温度压力不合格,电流电压不合格,0.52,28.35,97,100,1023,-0.0999999999999998,0,0,0,0,0,0,0,0,0,0,0,0,0,0,0,0,0,0,0,0,0,0,0,0,
修改测试参数2,1231313,2022/2/23-16:08:04,流量不合格,温度压力不合格,电流电压不合格,0.52,28.35,98,100,349,-0.12,0,0,0,0,0,0,0,0,0,0,0,0,0,0,0,0,0,0,0,0,0,0,0,0,
修改测试参数2,1231313,2022/2/23-16:08:33,流量不合格,温度压力不合格,电流电压不合格,0.48,28.35,92,100,306,-0.12,0,0,0,0,0,0,0,0,0,0,0,0,0,0,0,0,0,0,0,0,0,0,0,0,
修改测试参数2,1233113,2022/2/23-16:24:29,流量不合格,温度压力不合格,电流电压不合格,0.48,28.35,95,100,387,0.2499,0,0,0,0,0,0,0,0,0,0,0,0,0,0,0,0,0,0,0,0,0,0,0,0,
修改测试参数2,1233113,2022/2/23-16:25:00,流量不合格,温度压力不合格,电流电压不合格,0.5,28.35,97,100,312,0.2498,0,0,0,0,0,0,0,0,0,0,0,0,0,0,0,0,0,0,0,0,0,0,0,0,
修改测试参数2,1231,2022/2/23-16:34:10,流量不合格,温度压力不合格,电流电压不合格,80.49,28.02,1000,1000,359,0.24999,0,0,0,0,0,0,0,0,0,0,0,0,0,0,0,0,0,0,0,0,0,0,0,0,
修改测试参数2,12121212,2022/2/23-18:53:41,流量不合格,温度压力合格,电流电压合格,0,0.03,1,1,0,0.00025,23,20,30,40,50,60,70,80,90,100,0,0,0,0,0,0,0,0,0,0,0,0,0,0,
修改测试参数2,12121,2022/2/23-18:55:34,流量不合格,温度压力合格,电流电压合格,0,0.07,1,1,1,0.000625,3,20,30,40,0,0,0,0,0,0,0,0,0,0,0,0,0,0,0,0,0,0,0,0,
修改测试参数2,1212,2022/2/23-18:56:40,流量不合格,温度压力合格,电流电压合格,0,0.07,0,1,1,0.000625,3,20,30,40,0,0,0,0,0,0,0,0,0,0,0,0,0,0,0,0,0,0,0,0,
修改测试参数2,1231,2022/2/24-09:14:26,流量不合格,温度压力不合格,电流电压不合格,0.14,6.92,380,400,99,0.0625,0,0,0,0,0,0,0,0,0,0,0,0,0,0,0,0,0,0,0,0,0,0,0,0,
修改测试参数2,1212,2022/2/24-09:21:23,流量不合格,温度压力不合格,电流电压不合格,0.49,27.85,3740,4000,449,0.25,0,0,0,0,0,0,0,0,0,0,0,0,0,0,0,0,0,0,0,0,0,0,0,0,
12121212,1212,2022/2/24-11:11:59,流量不合格,温度压力不合格,电流电压不合格,阶段-1:0.00489阶段-2:0.0056阶段-3:0.0051阶段-4:0.0056阶段-5:0.00463阶段-6:0.00464阶段-7:0.00511阶段-8:0.00536阶段-9:0.00512阶段-10:0.00585阶段-11:0.0061阶段-12:0.00561阶段-13:0.00416阶段-14:0.00659阶段-15:0.00634阶段-16:0.00586阶段-17:0.00511阶段-18:0.00609阶段-19:0.00464阶段-20:0.00462阶段-21:0.00073阶段-22:0阶段-23:0阶段-24:0,阶段-1:0.2789阶段-2:0.30679阶段-3:0.30679阶段-4:0.30679阶段-5:0.30679阶段-6:0.30679阶段-7:0.30679阶段-8:0.30679阶段-9:0.30679阶段-10:0.30679阶段-11:0.30679阶段-12:0.30679阶段-13:0.30679阶段-14:0.30679阶段-15:0.30679阶段-16:0.30679阶段-17:0.30679阶段-18:0.30679阶段-19:0.30679阶段-20:0.30679阶段-21:0.02789阶段-22:0阶段-23:0阶段-24:0,186,200,395,0.25,0,0,0,0,0,0,0,0,0,0,0,0,0,0,0,0,0,0,0,0,0,0,0,0,
